idx,og Index,data (B),bandwidth (GB/s)
0,1030,8192,2.392523364485981
1,1031,8192,2.392523364485981
