idx,og Index,data (B),bandwidth (GB/s)
0,872,65536,14.618782065581085
1,873,65536,14.312295260974011
2,1390,65536,14.321678321678322
3,1391,65536,14.027397260273972
