idx,og Index,data (B),bandwidth (GB/s)
0,1392,67829760,23.02564025967501
1,875,67829760,25.311415850905792
