idx,og Index,data (B),bandwidth (GB/s)
0,1060,8192,1.841726618705036
1,1061,8192,2.327272727272727
